file,line,lhs_chain,snippet
EntityGroupMap.cs,60,<init>.EntityTin,"EntityTin = tin,"
EntityGroupMap.cs,61,<init>.Country,"Country = countryCode,"
EntityGroupMap.cs,62,<init>.SubGroupTypesRaw,"SubGroupTypesRaw = sgType,"
EntityGroupMap.cs,63,<init>.SubGroupTin,"SubGroupTin = string.IsNullOrEmpty(sgTin) ? null : sgTin,"
MappingBase.cs,136,tin.TypeOfTin,tin.TypeOfTin = tinType;
MappingBase.cs,137,tin.TypeOfTinSpecified,tin.TypeOfTinSpecified = true;
MappingBase.cs,146,tin.IssuedBy,tin.IssuedBy = country;
MappingBase.cs,147,tin.IssuedBySpecified,tin.IssuedBySpecified = true;
MappingBase.cs,27,<init>.PropertyNameCaseInsensitive,new JsonSerializerOptions { PropertyNameCaseInsensitive = true }
MappingBase.cs,107,<init>.Value,"Value = ""NOTIN"","
MappingBase.cs,108,<init>.Unknown,"Unknown = true,"
MappingBase.cs,109,<init>.UnknownSpecified,"UnknownSpecified = true,"
MappingBase.cs,110,<init>.TypeOfTin,"TypeOfTin = Globe.TinEnumType.Gir3004,"
MappingBase.cs,111,<init>.TypeOfTinSpecified,"TypeOfTinSpecified = true,"
MappingBase.cs,128,<init>.Value,var tin = new Globe.TinType { Value = parts[0] };
MappingOrchestrator.cs,59,spec.TransmittingCountry,spec.TransmittingCountry = fi.FilingCe.ResCountryCode;
MappingOrchestrator.cs,61,spec.SendingEntityIn,spec.SendingEntityIn = fi.FilingCe.Tin.Value;
MappingOrchestrator.cs,64,spec.ReceivingCountry,spec.ReceivingCountry = spec.TransmittingCountry;
MappingOrchestrator.cs,65,spec.MessageType,spec.MessageType = Globe.MessageTypeEnumType.Gir;
MappingOrchestrator.cs,68,spec.ReportingPeriod,spec.ReportingPeriod = fi.Period.End;
MappingOrchestrator.cs,70,spec.Timestamp,spec.Timestamp = DateTime.Now;
MappingOrchestrator.cs,77,spec.MessageRefId,"spec.MessageRefId = $""{sendCC}{spec.ReportingPeriod:yyyy}{recvCC}{uid}"";"
MappingOrchestrator.cs,91,globe.GlobeBody.FilingInfo.DocSpec,globe.GlobeBody.FilingInfo.DocSpec = new Globe.DocSpecType
MappingOrchestrator.cs,100,globe.GlobeBody.GeneralSection.DocSpec,globe.GlobeBody.GeneralSection.DocSpec = new Globe.DocSpecType
MappingOrchestrator.cs,110,ua.DocSpec,ua.DocSpec = new Globe.DocSpecType
MappingOrchestrator.cs,120,js.DocSpec,js.DocSpec = new Globe.DocSpecType
MappingOrchestrator.cs,130,sm.DocSpec,sm.DocSpec = new Globe.DocSpecType
MappingOrchestrator.cs,93,<init>.DocTypeIndic,"DocTypeIndic = Globe.OecdDocTypeIndicEnumType.Oecd1,"
MappingOrchestrator.cs,94,<init>.DocRefId,"DocRefId = $""{sendCC}{year}FI{ts}"","
MappingOrchestrator.cs,102,<init>.DocTypeIndic,"DocTypeIndic = Globe.OecdDocTypeIndicEnumType.Oecd1,"
MappingOrchestrator.cs,103,<init>.DocRefId,"DocRefId = $""{sendCC}{year}GS{ts}"","
MappingOrchestrator.cs,112,<init>.DocTypeIndic,"DocTypeIndic = Globe.OecdDocTypeIndicEnumType.Oecd1,"
MappingOrchestrator.cs,113,<init>.DocRefId,"DocRefId = $""{sendCC}{year}UA{utprIdx++}{ts}"","
MappingOrchestrator.cs,122,<init>.DocTypeIndic,"DocTypeIndic = Globe.OecdDocTypeIndicEnumType.Oecd1,"
MappingOrchestrator.cs,123,<init>.DocRefId,"DocRefId = $""{sendCC}{year}JS{jsIdx++}{ts}"","
MappingOrchestrator.cs,132,<init>.DocTypeIndic,"DocTypeIndic = Globe.OecdDocTypeIndicEnumType.Oecd1,"
MappingOrchestrator.cs,133,<init>.DocRefId,"DocRefId = $""{sendCC}{year}SM{sumIdx++}{ts}"","
Mapping_1.1~1.2.cs,18,globe.GlobeBody.FilingInfo,globe.GlobeBody.FilingInfo ??= new Globe.GlobeBodyTypeFilingInfo();
Mapping_1.1~1.2.cs,20,fi.FilingCe,fi.FilingCe ??= new Globe.FilingInfoFilingCe();
Mapping_1.1~1.2.cs,21,fi.AccountingInfo,fi.AccountingInfo ??= new Globe.FilingInfoAccountingInfo();
Mapping_1.1~1.2.cs,22,fi.Period,fi.Period ??= new Globe.FilingInfoPeriod();
Mapping_1.1~1.2.cs,23,globe.GlobeBody.GeneralSection,globe.GlobeBody.GeneralSection ??= new Globe.GlobeBodyTypeGeneralSection();
Mapping_1.1~1.2.cs,24,globe.GlobeBody.GeneralSection.CorporateStructure,globe.GlobeBody.GeneralSection.CorporateStructure ??=
Mapping_1.1~1.2.cs,42,fi.Period.Start,fi.Period.Start = sd;
Mapping_1.1~1.2.cs,50,fi.Period.End,fi.Period.End = ed;
Mapping_1.1~1.2.cs,58,fi.FilingCe.Name,fi.FilingCe.Name = ceName;
Mapping_1.1~1.2.cs,60,fi.FilingCe.KName,fi.FilingCe.KName = ceKName;
Mapping_1.1~1.2.cs,63,fi.FilingCe.KName,fi.FilingCe.KName = val;
Mapping_1.1~1.2.cs,66,fi.FilingCe.Tin,fi.FilingCe.Tin = string.IsNullOrWhiteSpace(val)
Mapping_1.1~1.2.cs,73,fi.FilingCe.ResCountryCode,"v => fi.FilingCe.ResCountryCode = v,"
Mapping_1.1~1.2.cs,82,fi.FilingCe.Role,"v => fi.FilingCe.Role = v,"
Mapping_1.1~1.2.cs,90,fi.NameMne,fi.NameMne = mneName;
Mapping_1.1~1.2.cs,92,fi.KNameMne,fi.KNameMne = mneKName;
Mapping_1.1~1.2.cs,101,globe.MessageSpec.MessageTypeIndic,"v => globe.MessageSpec.MessageTypeIndic = v,"
Mapping_1.1~1.2.cs,110,fi.AccountingInfo.CfSofUpe,"v => fi.AccountingInfo.CfSofUpe = v,"
Mapping_1.1~1.2.cs,117,fi.AccountingInfo.Fas,fi.AccountingInfo.Fas = val;
Mapping_1.1~1.2.cs,122,fi.AccountingInfo.Currency,"v => fi.AccountingInfo.Currency = v,"
Mapping_1.3.1.cs,36,globe.GlobeBody.GeneralSection,globe.GlobeBody.GeneralSection ??= new Globe.GlobeBodyTypeGeneralSection();
Mapping_1.3.1.cs,37,globe.GlobeBody.GeneralSection.CorporateStructure,globe.GlobeBody.GeneralSection.CorporateStructure ??=
Mapping_1.3.1.cs,81,upe.OtherUpe,upe.OtherUpe ??= new Globe.CorporateStructureTypeUpeOtherUpe();
Mapping_1.3.1.cs,82,upe.OtherUpe.Id,upe.OtherUpe.Id ??= new Globe.IdType();
Mapping_1.3.1.cs,94,upe.ExcludedUpe,upe.ExcludedUpe ??= new Globe.CorporateStructureTypeUpeExcludedUpe();
Mapping_1.3.1.cs,111,upe.ExcludedUpe.Id,upe.ExcludedUpe.Id ??= new Globe.ExcludedUpeIdType();
Mapping_1.3.1.cs,114,dst.Name,dst.Name = src.Name;
Mapping_1.3.1.cs,116,dst.KName,dst.KName = src.KName;
Mapping_1.3.1.cs,127,upe.OtherUpe,upe.OtherUpe = null;
Mapping_1.3.1.cs,131,upe.ExcludedUpe,upe.ExcludedUpe = null;
Mapping_1.3.1.cs,141,upe.ExcludedUpe,upe.ExcludedUpe ??= new Globe.CorporateStructureTypeUpeExcludedUpe();
Mapping_1.3.1.cs,146,upe.ExcludedUpe.Art1035,upe.ExcludedUpe.Art1035 = v;
Mapping_1.3.1.cs,147,upe.ExcludedUpe.Art1035Specified,upe.ExcludedUpe.Art1035Specified = true;
Mapping_1.3.1.cs,156,upe.OtherUpe,upe.OtherUpe ??= new Globe.CorporateStructureTypeUpeOtherUpe();
Mapping_1.3.1.cs,161,upe.OtherUpe.Art1035,upe.OtherUpe.Art1035 = v;
Mapping_1.3.1.cs,162,upe.OtherUpe.Art1035Specified,upe.OtherUpe.Art1035Specified = true;
Mapping_1.3.1.cs,202,id.Name,id.Name = n;
Mapping_1.3.1.cs,204,id.KName,id.KName = kn;
Mapping_1.3.1.cs,259,excUpe.ExcludedUpeStatus,"v => excUpe.ExcludedUpeStatus = v,"
Mapping_1.3.1.cs,78,<init>.Cell,"var entry = new MappingEntry { Cell = $""J{row}"", Label = target };"
Mapping_1.3.1.cs,78,<init>.Label,"var entry = new MappingEntry { Cell = $""J{row}"", Label = target };"
Mapping_1.3.1.cs,138,<init>.Cell,"var entry = new MappingEntry { Cell = ""J(Art10.3.5)"", Label = ""Art10.3.5"" };"
Mapping_1.3.1.cs,138,<init>.Label,"var entry = new MappingEntry { Cell = ""J(Art10.3.5)"", Label = ""Art10.3.5"" };"
Mapping_1.3.2.1.cs,48,globe.GlobeBody.GeneralSection,globe.GlobeBody.GeneralSection ??= new Globe.GlobeBodyTypeGeneralSection();
Mapping_1.3.2.1.cs,49,globe.GlobeBody.GeneralSection.CorporateStructure,globe.GlobeBody.GeneralSection.CorporateStructure ??=
Mapping_1.3.2.1.cs,113,cs.UnreportChangeCorpStr,cs.UnreportChangeCorpStr = ParseBool(val);
Mapping_1.3.2.1.cs,114,cs.UnreportChangeCorpStrSpecified,cs.UnreportChangeCorpStrSpecified = true;
Mapping_1.3.2.1.cs,136,ce.Id.Name,ce.Id.Name = ceName;
Mapping_1.3.2.1.cs,138,ce.Id.KName,ce.Id.KName = ceKName;
Mapping_1.3.2.1.cs,156,ce.Qiir,ce.Qiir ??= new Globe.CorporateStructureTypeCeQiir();
Mapping_1.3.2.1.cs,159,ce.Qiir.PopeIpe,"v => ce.Qiir.PopeIpe = v,"
Mapping_1.3.2.1.cs,167,ce.Qiir,ce.Qiir ??= new Globe.CorporateStructureTypeCeQiir();
Mapping_1.3.2.1.cs,168,ce.Qiir.Exception,ce.Qiir.Exception ??= new Globe.CorporateStructureTypeCeQiirException();
Mapping_1.3.2.1.cs,169,ce.Qiir.Exception.ExceptionRule,ce.Qiir.Exception.ExceptionRule ??=
Mapping_1.3.2.1.cs,171,ce.Qiir.Exception.ExceptionRule.Art213,ce.Qiir.Exception.ExceptionRule.Art213 = true;
Mapping_1.3.2.1.cs,172,ce.Qiir.Exception.ExceptionRule.Art213Specified,ce.Qiir.Exception.ExceptionRule.Art213Specified = true;
Mapping_1.3.2.1.cs,173,ce.Qiir.Exception.Tin,ce.Qiir.Exception.Tin = ParseTin(val);
Mapping_1.3.2.1.cs,177,ce.Qiir,ce.Qiir ??= new Globe.CorporateStructureTypeCeQiir();
Mapping_1.3.2.1.cs,178,ce.Qiir.Exception,ce.Qiir.Exception ??= new Globe.CorporateStructureTypeCeQiirException();
Mapping_1.3.2.1.cs,179,ce.Qiir.Exception.ExceptionRule,ce.Qiir.Exception.ExceptionRule ??=
Mapping_1.3.2.1.cs,181,ce.Qiir.Exception.ExceptionRule.Art215,ce.Qiir.Exception.ExceptionRule.Art215 = true;
Mapping_1.3.2.1.cs,182,ce.Qiir.Exception.ExceptionRule.Art215Specified,ce.Qiir.Exception.ExceptionRule.Art215Specified = true;
Mapping_1.3.2.1.cs,183,ce.Qiir.Exception.Tin,ce.Qiir.Exception.Tin = ParseTin(val);
Mapping_1.3.2.1.cs,186,ce.Qutpr,ce.Qutpr ??= new Globe.CorporateStructureTypeCeQutpr();
Mapping_1.3.2.1.cs,187,ce.Qutpr.Art93,ce.Qutpr.Art93 = ParseBool(val);
Mapping_1.3.2.1.cs,190,ce.Qutpr,ce.Qutpr ??= new Globe.CorporateStructureTypeCeQutpr();
Mapping_1.3.2.1.cs,200,ce.Qutpr.AggOwnership,ce.Qutpr.AggOwnership = agg > 1m ? agg / 100m : agg;
Mapping_1.3.2.1.cs,201,ce.Qutpr.AggOwnershipSpecified,ce.Qutpr.AggOwnershipSpecified = true;
Mapping_1.3.2.1.cs,205,ce.Qutpr,ce.Qutpr ??= new Globe.CorporateStructureTypeCeQutpr();
Mapping_1.3.2.1.cs,206,ce.Qutpr.UpeOwnership,ce.Qutpr.UpeOwnership = ParseBool(val);
Mapping_1.3.2.1.cs,207,ce.Qutpr.UpeOwnershipSpecified,ce.Qutpr.UpeOwnershipSpecified = true;
Mapping_1.3.2.1.cs,244,ownership.OwnershipType,"v => ownership.OwnershipType = v,"
Mapping_1.3.2.1.cs,261,tin.TypeOfTin,tin.TypeOfTin = tinType;
Mapping_1.3.2.1.cs,262,tin.TypeOfTinSpecified,tin.TypeOfTinSpecified = true;
Mapping_1.3.2.1.cs,270,tin.IssuedBy,tin.IssuedBy = country;
Mapping_1.3.2.1.cs,271,tin.IssuedBySpecified,tin.IssuedBySpecified = true;
Mapping_1.3.2.1.cs,273,ownership.Tin,ownership.Tin = tin;
Mapping_1.3.2.1.cs,277,ownership.Tin,ownership.Tin = NoTin();
Mapping_1.3.2.1.cs,293,ownership.OwnershipPercentage,ownership.OwnershipPercentage = pct > 1m ? pct / 100m : pct;
Mapping_1.3.2.1.cs,59,<init>.Id,var ce = new Globe.CorporateStructureTypeCe { Id = new Globe.IdType() };
Mapping_1.3.2.1.cs,108,<init>.Cell,"var entry = new MappingEntry { Cell = $""O{row}"", Label = target };"
Mapping_1.3.2.1.cs,108,<init>.Label,"var entry = new MappingEntry { Cell = $""O{row}"", Label = target };"
Mapping_1.3.2.1.cs,238,<init>.Cell,"var entry = new MappingEntry { Cell = $""O{row}"", Label = $""소유지분[{i + 1}]"" };"
Mapping_1.3.2.1.cs,238,<init>.Label,"var entry = new MappingEntry { Cell = $""O{row}"", Label = $""소유지분[{i + 1}]"" };"
Mapping_1.3.2.1.cs,254,<init>.Value,var tin = new Globe.TinType { Value = tinValue };
Mapping_1.3.2.2.cs,36,globe.GlobeBody.GeneralSection,globe.GlobeBody.GeneralSection ??= new Globe.GlobeBodyTypeGeneralSection();
Mapping_1.3.2.2.cs,37,globe.GlobeBody.GeneralSection.CorporateStructure,globe.GlobeBody.GeneralSection.CorporateStructure ??=
Mapping_1.3.2.2.cs,67,entity.Change,entity.Change = ParseBool(val);
Mapping_1.3.2.2.cs,71,entity.Name,entity.Name = eName;
Mapping_1.3.2.2.cs,73,entity.KName,entity.KName = eKName;
Mapping_1.3.2.2.cs,78,entity.Type,"v => entity.Type = v,"
Mapping_1.3.2.2.cs,62,<init>.Cell,"var entry = new MappingEntry { Cell = $""O{row}"", Label = target };"
Mapping_1.3.2.2.cs,62,<init>.Label,"var entry = new MappingEntry { Cell = $""O{row}"", Label = target };"
Mapping_1.3.3.cs,27,globe.GlobeBody.GeneralSection,globe.GlobeBody.GeneralSection ??= new Globe.GlobeBodyTypeGeneralSection();
Mapping_1.3.3.cs,28,globe.GlobeBody.GeneralSection.CorporateStructure,globe.GlobeBody.GeneralSection.CorporateStructure ??=
Mapping_1.3.3.cs,70,change.ChangeDate,change.ChangeDate = changeDate;
Mapping_1.3.3.cs,108,preOwn.OwnershipType,preOwn.OwnershipType = ownerType;
Mapping_1.3.3.cs,124,preOwn.PreOwnershipPercentage,preOwn.PreOwnershipPercentage = prePct > 1m ? prePct / 100m : prePct;
Mapping_1.3.3.cs,97,<init>.Tin,"Tin = ParseTin(ownerTinRaw),"
Mapping_1.4.cs,30,summary.Jurisdiction,summary.Jurisdiction = new Globe.SummaryTypeJurisdiction();
Mapping_1.4.cs,40,summary.Jurisdiction.JurisdictionName,summary.Jurisdiction.JurisdictionName = v;
Mapping_1.4.cs,41,summary.Jurisdiction.JurisdictionNameSpecified,summary.Jurisdiction.JurisdictionNameSpecified = true;
Mapping_1.4.cs,69,sg.Tin,sg.Tin = ParseTin(subgroupTinRaw);
Mapping_1.4.cs,89,jwr.JurisdictionName,jwr.JurisdictionName = v;
Mapping_1.4.cs,90,jwr.JurisdictionNameSpecified,jwr.JurisdictionNameSpecified = true;
Mapping_1.4.cs,128,summary.EtrRange,summary.EtrRange = v;
Mapping_1.4.cs,129,summary.EtrRangeSpecified,summary.EtrRangeSpecified = true;
Mapping_1.4.cs,143,summary.Sbie,summary.Sbie = new Globe.SummaryTypeSbie
Mapping_1.4.cs,158,summary.QdmtTut,summary.QdmtTut = v;
Mapping_1.4.cs,159,summary.QdmtTutSpecified,summary.QdmtTutSpecified = true;
Mapping_1.4.cs,175,summary.GLoBeTut,summary.GLoBeTut = v;
Mapping_1.4.cs,176,summary.GLoBeTutSpecified,summary.GLoBeTutSpecified = true;
Mapping_1.4.cs,47,<init>.Cell,"new MappingEntry { Cell = $""B{row}"", Label = ""소재지국"" }"
Mapping_1.4.cs,47,<init>.Label,"new MappingEntry { Cell = $""B{row}"", Label = ""소재지국"" }"
Mapping_1.4.cs,65,<init>.Cell,"new MappingEntry { Cell = $""C{row}"", Label = ""하위그룹 유형"" }"
Mapping_1.4.cs,65,<init>.Label,"new MappingEntry { Cell = $""C{row}"", Label = ""하위그룹 유형"" }"
Mapping_1.4.cs,94,<init>.Cell,"new MappingEntry { Cell = $""G{row}"", Label = ""과세권보유국가"" }"
Mapping_1.4.cs,94,<init>.Label,"new MappingEntry { Cell = $""G{row}"", Label = ""과세권보유국가"" }"
Mapping_1.4.cs,116,<init>.Cell,"new MappingEntry { Cell = $""I{row}"", Label = ""적용면제"" }"
Mapping_1.4.cs,116,<init>.Label,"new MappingEntry { Cell = $""I{row}"", Label = ""적용면제"" }"
Mapping_1.4.cs,133,<init>.Cell,"new MappingEntry { Cell = $""K{row}"", Label = ""실효세율범위"" }"
Mapping_1.4.cs,133,<init>.Label,"new MappingEntry { Cell = $""K{row}"", Label = ""실효세율범위"" }"
Mapping_1.4.cs,145,<init>.NotApplicable,"NotApplicable = false,"
Mapping_1.4.cs,146,<init>.NoTut,"NoTut = !ParseBool(sbieRaw),"
Mapping_1.4.cs,163,<init>.Cell,"new MappingEntry { Cell = $""O{row}"", Label = ""QDMTT범위"" }"
Mapping_1.4.cs,163,<init>.Label,"new MappingEntry { Cell = $""O{row}"", Label = ""QDMTT범위"" }"
Mapping_1.4.cs,180,<init>.Cell,"new MappingEntry { Cell = $""Q{row}"", Label = ""GloBE범위"" }"
Mapping_1.4.cs,180,<init>.Label,"new MappingEntry { Cell = $""Q{row}"", Label = ""GloBE범위"" }"
Mapping_2.cs,203,js.Jurisdiction,js.Jurisdiction = countryCode;
Mapping_2.cs,205,js.GLoBeTax,js.GLoBeTax = new Globe.GlobeTax();
Mapping_2.cs,232,etr.EtrStatus.EtrException,etr.EtrStatus.EtrException = exception;
Mapping_2.cs,272,dmCalc.Average,dmCalc.Average =
Mapping_2.cs,290,dmCalc.Average,dmCalc.Average =
Mapping_2.cs,301,exception.DeminimisSimplifiedNmceCalc,exception.DeminimisSimplifiedNmceCalc = dmCalc;
Mapping_2.cs,307,exception.TransitionalCbCrSafeHarbour,exception.TransitionalCbCrSafeHarbour =
Mapping_2.cs,328,exception.UtprSafeHarbour,exception.UtprSafeHarbour =
Mapping_2.cs,352,init.ReferenceJurisdiction,init.ReferenceJurisdiction =
Mapping_2.cs,366,init.RfyNumberOfJurisdictions,init.RfyNumberOfJurisdictions = initNumJur;
Mapping_2.cs,381,js.GLoBeTax.InitialIntActivity,js.GLoBeTax.InitialIntActivity = init;
Mapping_2.cs,502,tin.TypeOfTin,tin.TypeOfTin = tinEnum;
Mapping_2.cs,503,tin.TypeOfTinSpecified,tin.TypeOfTinSpecified = true;
Mapping_2.cs,510,tin.IssuedBy,tin.IssuedBy = issuedByCode;
Mapping_2.cs,511,tin.IssuedBySpecified,tin.IssuedBySpecified = true;
Mapping_2.cs,513,subgroup.Tin,subgroup.Tin = tin;
Mapping_2.cs,517,subgroup.Tin,subgroup.Tin = NoTin();
Mapping_2.cs,87,<init>.Jurisdiction,Jurisdiction = new Globe.SummaryTypeJurisdiction
Mapping_2.cs,89,<init>.JurisdictionName,"JurisdictionName = countryCode,"
Mapping_2.cs,90,<init>.JurisdictionNameSpecified,"JurisdictionNameSpecified = true,"
Mapping_2.cs,118,<init>.Cell,"new MappingEntry { Cell = $""O{b1 + 12}"", Label = $""[{loc}] 적용면제"" }"
Mapping_2.cs,118,<init>.Label,"new MappingEntry { Cell = $""O{b1 + 12}"", Label = $""[{loc}] 적용면제"" }"
Mapping_2.cs,230,<init>.EtrStatus,var etr = new Globe.EtrType { EtrStatus = new Globe.EtrTypeEtrStatus() };
Mapping_2.cs,239,<init>.Basis,"Basis = deminiBasis ?? Globe.DeminimisSimpleBasisEnumType.Gir2901,"
Mapping_2.cs,275,<init>.Revenue,"Revenue = faAcRev,"
Mapping_2.cs,276,<init>.GlobeRevenue,"GlobeRevenue = faGbRev ?? """","
Mapping_2.cs,277,<init>.NetGlobeIncome,"NetGlobeIncome = faGbPl ?? """","
Mapping_2.cs,278,<init>.Fanil,"Fanil = faAcPl ?? """","
Mapping_2.cs,293,<init>.Revenue,"Revenue = saRev,"
Mapping_2.cs,294,<init>.GlobeRevenue,"GlobeRevenue = """","
Mapping_2.cs,295,<init>.NetGlobeIncome,"NetGlobeIncome = saTax ?? """","
Mapping_2.cs,296,<init>.Fanil,"Fanil = """","
Mapping_2.cs,310,<init>.Revenue,"Revenue = cbcrRev,"
Mapping_2.cs,311,<init>.Profit,"Profit = cbcrPl ?? """","
Mapping_2.cs,312,<init>.IncomeTax,"IncomeTax = cbcrTax,"
Mapping_2.cs,331,<init>.CitRate,"CitRate = citRate > 1m ? citRate / 100m : citRate,"
Mapping_2.cs,346,<init>.StartDate,var init = new Globe.InitialIntActivityType { StartDate = startDate };
Mapping_2.cs,355,<init>.ResCountryCode,"ResCountryCode = refCode,"
Mapping_2.cs,356,<init>.TangibleAssetValue,"TangibleAssetValue = initRefAsset ?? """","
Mapping_2.cs,422,<init>.TangibleAssetValue,"TangibleAssetValue = assetValue,"
Mapping_2.cs,473,<init>.JurisdictionName,"JurisdictionName = countryCode,"
Mapping_2.cs,487,<init>.Label,"new MappingEntry { Label = $""[{loc}] 과세권/하위그룹유형"" }"
Mapping_2.cs,496,<init>.Value,var tin = new Globe.TinType { Value = tinVal };
Mapping_2.cs,557,<init>.Year,"Year = year,"
Mapping_2.cs,558,<init>.Revenue,"Revenue = revenue,"
Mapping_2.cs,559,<init>.GlobeRevenue,"GlobeRevenue = globeRevenue ?? """","
Mapping_2.cs,560,<init>.NetGlobeIncome,"NetGlobeIncome = netGlobeIncome ?? """","
Mapping_2.cs,561,<init>.Fanil,"Fanil = fanil ?? """","
Mapping_2.cs,579,<init>.Year,"Year = year,"
Mapping_2.cs,580,<init>.Revenue,"Revenue = revenue,"
Mapping_2.cs,581,<init>.GlobeRevenue,"GlobeRevenue = """","
Mapping_2.cs,582,<init>.NetGlobeIncome,"NetGlobeIncome = simplifiedTax ?? """","
Mapping_2.cs,583,<init>.Fanil,"Fanil = """","
Mapping_EntityCe.cs,147,etr.EtrStatus,etr.EtrStatus ??= new Globe.EtrTypeEtrStatus();
Mapping_EntityCe.cs,148,etr.EtrStatus.EtrComputation,etr.EtrStatus.EtrComputation ??= new Globe.EtrComputationType();
Mapping_EntityCe.cs,222,ceComp.Elections,ceComp.Elections ??= new Globe.EtrComputationTypeCeComputationElections();
Mapping_EntityCe.cs,223,ceComp.Elections.SimplCalculations,ceComp.Elections.SimplCalculations = ParseBool(v);
Mapping_EntityCe.cs,224,ceComp.Elections.SimplCalculationsSpecified,ceComp.Elections.SimplCalculationsSpecified = true;
Mapping_EntityCe.cs,263,ceComp.Elections,ceComp.Elections ??= new Globe.EtrComputationTypeCeComputationElections();
Mapping_EntityCe.cs,271,ceComp.Elections.AggregatedReporting,ceComp.Elections.AggregatedReporting = ar;
Mapping_EntityCe.cs,316,ceComp.AdjustedIncomeTax,ceComp.AdjustedIncomeTax ??=
Mapping_EntityCe.cs,318,ceComp.AdjustedIncomeTax.Total,ceComp.AdjustedIncomeTax.Total = v;
Mapping_EntityCe.cs,335,ceComp.AdjustedCoveredTax,ceComp.AdjustedCoveredTax ??=
Mapping_EntityCe.cs,357,ceComp.AdjustedCoveredTax,ceComp.AdjustedCoveredTax ??=
Mapping_EntityCe.cs,359,ceComp.AdjustedCoveredTax.Total,ceComp.AdjustedCoveredTax.Total = v;
Mapping_EntityCe.cs,403,ceComp.AdjustedIncomeTax,ceComp.AdjustedIncomeTax ??=
Mapping_EntityCe.cs,405,ceComp.AdjustedIncomeTax.IncomeTax,ceComp.AdjustedIncomeTax.IncomeTax = preTax;
Mapping_EntityCe.cs,424,item.OtherTin,item.OtherTin = ParseTin(otherTinRaw);
Mapping_EntityCe.cs,426,item.Additions,item.Additions = adds;
Mapping_EntityCe.cs,428,item.Reductions,item.Reductions = reds;
Mapping_EntityCe.cs,436,item.ResCountryCode,item.ResCountryCode = cc;
Mapping_EntityCe.cs,439,ceComp.AdjustedIncomeTax,ceComp.AdjustedIncomeTax ??=
Mapping_EntityCe.cs,539,adj2511.Recast,adj2511.Recast ??=
Mapping_EntityCe.cs,541,adj2511.Recast.Lower,adj2511.Recast.Lower = v;
Mapping_EntityCe.cs,566,adj2512.Recast,adj2512.Recast ??=
Mapping_EntityCe.cs,568,adj2512.Recast.Higher,adj2512.Recast.Higher = v;
Mapping_EntityCe.cs,585,ceComp.AdjustedCoveredTax,ceComp.AdjustedCoveredTax ??=
Mapping_EntityCe.cs,590,ceComp.AdjustedCoveredTax.DeferTaxAdjustAmt,ceComp.AdjustedCoveredTax.DeferTaxAdjustAmt = dta;
Mapping_EntityCe.cs,593,dta.DeferTaxExpense,dta.DeferTaxExpense = deferExpenseVal;
Mapping_EntityCe.cs,595,dta.Total,dta.Total = totalVal;
Mapping_EntityCe.cs,651,ceComp.AdjustedFanil,ceComp.AdjustedFanil ??=
Mapping_EntityCe.cs,653,ceComp.AdjustedFanil.Total,ceComp.AdjustedFanil.Total = v;
Mapping_EntityCe.cs,670,ceComp.NetGlobeIncome,ceComp.NetGlobeIncome ??=
Mapping_EntityCe.cs,692,ceComp.NetGlobeIncome,ceComp.NetGlobeIncome ??=
Mapping_EntityCe.cs,694,ceComp.NetGlobeIncome.Total,ceComp.NetGlobeIncome.Total = v;
Mapping_EntityCe.cs,725,ceComp.AdjustedFanil,ceComp.AdjustedFanil ??= new Globe.EtrComputationTypeCeComputationAdjustedFanil();
Mapping_EntityCe.cs,726,ceComp.AdjustedFanil.Fanil,ceComp.AdjustedFanil.Fanil = fanilVal;
Mapping_EntityCe.cs,773,item.ResCountryCode,item.ResCountryCode = cc;
Mapping_EntityCe.cs,774,item.ResCountryCodeSpecified,item.ResCountryCodeSpecified = true;
Mapping_EntityCe.cs,777,ceComp.AdjustedFanil,ceComp.AdjustedFanil ??= new Globe.EtrComputationTypeCeComputationAdjustedFanil();
Mapping_EntityCe.cs,778,ceComp.AdjustedFanil.Adjustment,ceComp.AdjustedFanil.Adjustment ??=
Mapping_EntityCe.cs,839,item.ResCountryCode,item.ResCountryCode = cc;
Mapping_EntityCe.cs,840,item.ResCountryCodeSpecified,item.ResCountryCodeSpecified = true;
Mapping_EntityCe.cs,843,ceComp.AdjustedFanil,ceComp.AdjustedFanil ??= new Globe.EtrComputationTypeCeComputationAdjustedFanil();
Mapping_EntityCe.cs,844,ceComp.AdjustedFanil.Adjustment,ceComp.AdjustedFanil.Adjustment ??=
Mapping_EntityCe.cs,898,upe.Reductions,upe.Reductions =
Mapping_EntityCe.cs,912,ceComp.AdjustedFanil,ceComp.AdjustedFanil ??= new Globe.EtrComputationTypeCeComputationAdjustedFanil();
Mapping_EntityCe.cs,913,ceComp.AdjustedFanil.Adjustment,ceComp.AdjustedFanil.Adjustment ??=
Mapping_EntityCe.cs,945,owner.OwnershipPercentage,owner.OwnershipPercentage = pct > 1m ? pct / 100m : pct;
Mapping_EntityCe.cs,968,ind.ResCountryCode,ind.ResCountryCode = cc;
Mapping_EntityCe.cs,969,ind.ResCountryCodeSpecified,ind.ResCountryCodeSpecified = true;
Mapping_EntityCe.cs,982,ind.TaxRate,ind.TaxRate = rate > 1m ? rate / 100m : rate;
Mapping_EntityCe.cs,983,ind.TaxRateSpecified,ind.TaxRateSpecified = true;
Mapping_EntityCe.cs,985,owner.IndOwners,owner.IndOwners = ind;
Mapping_EntityCe.cs,1017,entity.TaxRate,entity.TaxRate = rate > 1m ? rate / 100m : rate;
Mapping_EntityCe.cs,1018,entity.TaxRateSpecified,entity.TaxRateSpecified = true;
Mapping_EntityCe.cs,1027,entity.ExTypeOfEntity,entity.ExTypeOfEntity = exType;
Mapping_EntityCe.cs,1028,entity.ExTypeOfEntitySpecified,entity.ExTypeOfEntitySpecified = true;
Mapping_EntityCe.cs,1030,owner.EntityOwner,owner.EntityOwner = entity;
Mapping_EntityCe.cs,1058,ceComp.Elections,ceComp.Elections ??= new Globe.EtrComputationTypeCeComputationElections();
Mapping_EntityCe.cs,1069,el.SimplCalculations,el.SimplCalculations = ParseBool(vA);
Mapping_EntityCe.cs,1070,el.SimplCalculationsSpecified,el.SimplCalculationsSpecified = true;
Mapping_EntityCe.cs,1076,el.Art321,el.Art321 = ParseBool(vB);
Mapping_EntityCe.cs,1077,el.Art321Specified,el.Art321Specified = true;
Mapping_EntityCe.cs,1083,el.KArt447C,el.KArt447C = ParseBool(vC);
Mapping_EntityCe.cs,1084,el.KArt447CSpecified,el.KArt447CSpecified = true;
Mapping_EntityCe.cs,1093,el.Art153,"el.Art153 = ReadYearElectionArt153(ws, r5Year + 1);"
Mapping_EntityCe.cs,1099,el.Art321B,el.Art321B = new Globe.EtrComputationTypeCeComputationElectionsArt321B
Mapping_EntityCe.cs,1113,el.Art321C,el.Art321C = new Globe.EtrComputationTypeCeComputationElectionsArt321C
Mapping_EntityCe.cs,1147,el.Art447,el.Art447 = new Globe.EtrComputationTypeCeComputationElectionsArt447
Mapping_EntityCe.cs,1165,el.Art456,el.Art456 = new Globe.EtrComputationTypeCeComputationElectionsArt456
Mapping_EntityCe.cs,1197,incl.Art634CI,incl.Art634CI = true;
Mapping_EntityCe.cs,1198,incl.Art634CISpecified,incl.Art634CISpecified = true;
Mapping_EntityCe.cs,1203,incl.Art634CIi,incl.Art634CIi = true;
Mapping_EntityCe.cs,1204,incl.Art634CIiSpecified,incl.Art634CIiSpecified = true;
Mapping_EntityCe.cs,1241,ceComp.Elections,ceComp.Elections = null;
Mapping_EntityCe.cs,1300,ceComp.NetGlobeIncome,ceComp.NetGlobeIncome ??= new Globe.EtrComputationTypeCeComputationNetGlobeIncome();
Mapping_EntityCe.cs,1303,ngi.IntShippingIncome,ngi.IntShippingIncome =
Mapping_EntityCe.cs,1353,ngi.IntShippingIncome.QualifiedAncShipIncome.Category,ngi.IntShippingIncome.QualifiedAncShipIncome.Category = ancCat;
Mapping_EntityCe.cs,1397,ceComp.Elections,ceComp.Elections ??= new Globe.EtrComputationTypeCeComputationElections();
Mapping_EntityCe.cs,1432,a76.ShareOfUndistNetGlobeInc,a76.ShareOfUndistNetGlobeInc = share;
Mapping_EntityCe.cs,1441,a76.InvestmentEntityTin,a76.InvestmentEntityTin = invTin;
Mapping_EntityCe.cs,1496,ceComp.OtherFas,ceComp.OtherFas = result;
Mapping_EntityCe.cs,1548,js.LowTaxJurisdiction,"js.LowTaxJurisdiction ??= new Globe.LowTaxJurisdictionType { TopUpTaxAmount = ""0"" };"
Mapping_EntityCe.cs,1604,tin.TypeOfTin,tin.TypeOfTin = tinEnum;
Mapping_EntityCe.cs,1605,tin.TypeOfTinSpecified,tin.TypeOfTinSpecified = true;
Mapping_EntityCe.cs,1612,tin.IssuedBy,tin.IssuedBy = issuedByCode;
Mapping_EntityCe.cs,1613,tin.IssuedBySpecified,tin.IssuedBySpecified = true;
Mapping_EntityCe.cs,1674,js.LowTaxJurisdiction,"js.LowTaxJurisdiction ??= new Globe.LowTaxJurisdictionType { TopUpTaxAmount = ""0"" };"
Mapping_EntityCe.cs,1675,js.LowTaxJurisdiction.Utpr,js.LowTaxJurisdiction.Utpr ??= new Globe.LowTaxJurisdictionTypeUtpr();
Mapping_EntityCe.cs,1676,js.LowTaxJurisdiction.Utpr.UtprCalculation,js.LowTaxJurisdiction.Utpr.UtprCalculation =
Mapping_EntityCe.cs,144,<init>.EtrStatus,etr = new Globe.EtrType { EtrStatus = new Globe.EtrTypeEtrStatus() };
Mapping_EntityCe.cs,156,<init>.Tin,ceComp = new Globe.EtrComputationTypeCeComputation { Tin = ceTin };
Mapping_EntityCe.cs,266,<init>.TaxConsolGroupTin,"TaxConsolGroupTin = ParseTin(groupTinRaw),"
Mapping_EntityCe.cs,340,<init>.AdjustmentItem,"AdjustmentItem = TaxAdjustmentItems[i],"
Mapping_EntityCe.cs,508,<init>.AdjustmentItem,"AdjustmentItem = DeferredTaxAdjItems[i],"
Mapping_EntityCe.cs,535,<init>.AdjustmentItem,"AdjustmentItem = Globe.DeferredAdjustedTaxEnumType.Gir2511,"
Mapping_EntityCe.cs,562,<init>.AdjustmentItem,"AdjustmentItem = Globe.DeferredAdjustedTaxEnumType.Gir2512,"
Mapping_EntityCe.cs,675,<init>.AdjustmentItem,"AdjustmentItem = AdjustmentItems[i],"
Mapping_EntityCe.cs,761,<init>.Basis,"Basis = basis,"
Mapping_EntityCe.cs,762,<init>.OtherTin,"OtherTin = ParseTin(otherTinRaw ?? """"),"
Mapping_EntityCe.cs,763,<init>.Additions,"Additions = adds ?? ""0"","
Mapping_EntityCe.cs,764,<init>.Reductions,"Reductions = reds ?? ""0"","
Mapping_EntityCe.cs,827,<init>.Basis,"Basis = basis,"
Mapping_EntityCe.cs,828,<init>.OtherTin,"OtherTin = ParseTin(otherTinRaw ?? """"),"
Mapping_EntityCe.cs,829,<init>.Additions,"Additions = adds,"
Mapping_EntityCe.cs,830,<init>.Reductions,"Reductions = reds,"
Mapping_EntityCe.cs,893,<init>.Basis,"Basis = basis,"
Mapping_EntityCe.cs,901,<init>.Amount,"Amount = reductRaw,"
Mapping_EntityCe.cs,960,<init>.NumOfOwners,"NumOfOwners = parts.Length > 1 ? parts[1].Trim() : ""1"","
Mapping_EntityCe.cs,1002,<init>.Tin,"Tin = tin,"
Mapping_EntityCe.cs,1003,<init>.ResCountryCode,"ResCountryCode = tin.IssuedBySpecified ? tin.IssuedBy : default,"
Mapping_EntityCe.cs,1101,<init>.Status,"Status = status.Value,"
Mapping_EntityCe.cs,1102,<init>.ElectionYear,"ElectionYear = ey ?? default,"
Mapping_EntityCe.cs,1103,<init>.ElectionYearSpecified,"ElectionYearSpecified = ey.HasValue,"
Mapping_EntityCe.cs,1104,<init>.RevocationYear,"RevocationYear = ry ?? default,"
Mapping_EntityCe.cs,1105,<init>.RevocationYearSpecified,"RevocationYearSpecified = ry.HasValue,"
Mapping_EntityCe.cs,1115,<init>.Status,"Status = status.Value,"
Mapping_EntityCe.cs,1116,<init>.ElectionYear,"ElectionYear = ey ?? default,"
Mapping_EntityCe.cs,1117,<init>.ElectionYearSpecified,"ElectionYearSpecified = ey.HasValue,"
Mapping_EntityCe.cs,1118,<init>.RevocationYear,"RevocationYear = ry ?? default,"
Mapping_EntityCe.cs,1119,<init>.RevocationYearSpecified,"RevocationYearSpecified = ry.HasValue,"
Mapping_EntityCe.cs,1130,<init>.Status,"Status = status.Value,"
Mapping_EntityCe.cs,1131,<init>.ElectionYear,"ElectionYear = ey ?? default,"
Mapping_EntityCe.cs,1132,<init>.ElectionYearSpecified,"ElectionYearSpecified = ey.HasValue,"
Mapping_EntityCe.cs,1133,<init>.RevocationYear,"RevocationYear = ry ?? default,"
Mapping_EntityCe.cs,1134,<init>.RevocationYearSpecified,"RevocationYearSpecified = ry.HasValue,"
Mapping_EntityCe.cs,1149,<init>.Status,"Status = status.Value,"
Mapping_EntityCe.cs,1150,<init>.ElectionYear,"ElectionYear = ey ?? default,"
Mapping_EntityCe.cs,1151,<init>.ElectionYearSpecified,"ElectionYearSpecified = ey.HasValue,"
Mapping_EntityCe.cs,1152,<init>.RevocationYear,"RevocationYear = ry ?? default,"
Mapping_EntityCe.cs,1153,<init>.RevocationYearSpecified,"RevocationYearSpecified = ry.HasValue,"
Mapping_EntityCe.cs,1167,<init>.Status,"Status = status.Value,"
Mapping_EntityCe.cs,1168,<init>.ElectionYear,"ElectionYear = ey ?? default,"
Mapping_EntityCe.cs,1169,<init>.ElectionYearSpecified,"ElectionYearSpecified = ey.HasValue,"
Mapping_EntityCe.cs,1170,<init>.RevocationYear,"RevocationYear = ry ?? default,"
Mapping_EntityCe.cs,1171,<init>.RevocationYearSpecified,"RevocationYearSpecified = ry.HasValue,"
Mapping_EntityCe.cs,1211,<init>.FyTriggerEvent,"FyTriggerEvent = fy,"
Mapping_EntityCe.cs,1212,<init>.Inclusion,"Inclusion = hasIncl ? incl : null,"
Mapping_EntityCe.cs,1306,<init>.InternationalShipIncome,InternationalShipIncome =
Mapping_EntityCe.cs,1309,<init>.Total,"Total = intTotal,"
Mapping_EntityCe.cs,1310,<init>.Revenue,"Revenue = intRevenue,"
Mapping_EntityCe.cs,1311,<init>.Costs,"Costs = intCosts,"
Mapping_EntityCe.cs,1313,<init>.QualifiedAncShipIncome,QualifiedAncShipIncome =
Mapping_EntityCe.cs,1316,<init>.Total,"Total = ancTotal,"
Mapping_EntityCe.cs,1317,<init>.Revenue,"Revenue = ancRevenue,"
Mapping_EntityCe.cs,1318,<init>.Costs,"Costs = ancCosts,"
Mapping_EntityCe.cs,1320,<init>.SubstanceExclusion,SubstanceExclusion =
Mapping_EntityCe.cs,1323,<init>.PayrollCosts,"PayrollCosts = payroll,"
Mapping_EntityCe.cs,1324,<init>.TangibleAssets,"TangibleAssets = tangible,"
Mapping_EntityCe.cs,1326,<init>.CoveredTaxes,"CoveredTaxes = covTaxes,"
Mapping_EntityCe.cs,1414,<init>.Status,"Status = art76Status,"
Mapping_EntityCe.cs,1415,<init>.ElectionYear,"ElectionYear = art76Ey,"
Mapping_EntityCe.cs,1416,<init>.RevocationYear,"RevocationYear = art76Ry ?? default,"
Mapping_EntityCe.cs,1417,<init>.RevocationYearSpecified,"RevocationYearSpecified = art76Ry.HasValue,"
Mapping_EntityCe.cs,1418,<init>.ActualDeemedDist,"ActualDeemedDist = gRaw,"
Mapping_EntityCe.cs,1419,<init>.LocalCreditableTaxGross,"LocalCreditableTaxGross = kRaw,"
Mapping_EntityCe.cs,1529,<init>.NetGlobeIncome,"NetGlobeIncome = string.IsNullOrEmpty(ngiRaw) ? null : ngiRaw,"
Mapping_EntityCe.cs,1530,<init>.TopUpTax,"TopUpTax = string.IsNullOrEmpty(tutRaw) ? ""0"" : tutRaw,"
Mapping_EntityCe.cs,1545,<init>.Tin,var ltce = new Globe.LowTaxJurisdictionTypeLtce { Tin = ParseTin(tinRaw) };
Mapping_EntityCe.cs,1548,<init>.TopUpTaxAmount,"js.LowTaxJurisdiction ??= new Globe.LowTaxJurisdictionType { TopUpTaxAmount = ""0"" };"
Mapping_EntityCe.cs,1598,<init>.Value,tin = new Globe.TinType { Value = tinVal };
Mapping_EntityCe.cs,1637,<init>.Tin,"Tin = tin,"
Mapping_EntityCe.cs,1638,<init>.ResCountryCode,"ResCountryCode = cc,"
Mapping_EntityCe.cs,1639,<init>.OtherOwnershipAllocation,"OtherOwnershipAllocation = string.IsNullOrEmpty(other) ? ""0"" : other,"
Mapping_EntityCe.cs,1640,<init>.InclusionRatio,"InclusionRatio = inclusionRatio,"
Mapping_EntityCe.cs,1641,<init>.TopUpTaxShare,"TopUpTaxShare = string.IsNullOrEmpty(tutShare) ? ""0"" : tutShare,"
Mapping_EntityCe.cs,1642,<init>.IirOffSet,"IirOffSet = string.IsNullOrEmpty(iirOff) ? ""0"" : iirOff,"
Mapping_EntityCe.cs,1643,<init>.TopUpTax,"TopUpTax = string.IsNullOrEmpty(topUpTax) ? ""0"" : topUpTax,"
Mapping_EntityCe.cs,1674,<init>.TopUpTaxAmount,"js.LowTaxJurisdiction ??= new Globe.LowTaxJurisdictionType { TopUpTaxAmount = ""0"" };"
Mapping_EntityCe.cs,1679,<init>.Article251TopUpTax,"Article251TopUpTax = art251 ?? ""0"","
Mapping_EntityCe.cs,1680,<init>.TotalUtprTopUpTax,"TotalUtprTopUpTax = totalUtpr ?? ""0"","
Mapping_EntityCe.cs,1717,<init>.Status,"Status = status.Value,"
Mapping_EntityCe.cs,1718,<init>.ElectionYear,"ElectionYear = ey ?? default,"
Mapping_EntityCe.cs,1719,<init>.ElectionYearSpecified,"ElectionYearSpecified = ey.HasValue,"
Mapping_EntityCe.cs,1720,<init>.RevocationYear,"RevocationYear = ry ?? default,"
Mapping_EntityCe.cs,1721,<init>.RevocationYearSpecified,"RevocationYearSpecified = ry.HasValue,"
Mapping_JurCal.cs,226,subGroup.Tin,subGroup.Tin = ParseTin(
Mapping_JurCal.cs,245,etr.SubGroup,etr.SubGroup = subGroup;
Mapping_JurCal.cs,309,etr.EtrStatus,etr.EtrStatus = new Globe.EtrTypeEtrStatus();
Mapping_JurCal.cs,311,etr.EtrStatus.EtrComputation,etr.EtrStatus.EtrComputation = new Globe.EtrComputationType();
Mapping_JurCal.cs,316,etr.EtrStatus.EtrComputation.OverallComputation,etr.EtrStatus.EtrComputation.OverallComputation = overall;
Mapping_JurCal.cs,320,overall.Fanil,overall.Fanil = fanilRaw;
Mapping_JurCal.cs,324,overall.AdjustedFanil,overall.AdjustedFanil = adjFanilRaw;
Mapping_JurCal.cs,327,overall.NetGlobeIncome,overall.NetGlobeIncome ??=
Mapping_JurCal.cs,345,overall.NetGlobeIncome.Total,overall.NetGlobeIncome.Total = netGlobeRaw;
Mapping_JurCal.cs,349,overall.IncomeTaxExpense,overall.IncomeTaxExpense = incTaxRaw;
Mapping_JurCal.cs,354,overall.AdjustedCoveredTax,overall.AdjustedCoveredTax ??=
Mapping_JurCal.cs,359,overall.AdjustedCoveredTax.AggregrateCurrentTax,overall.AdjustedCoveredTax.AggregrateCurrentTax = aggTaxRaw;
Mapping_JurCal.cs,378,overall.AdjustedCoveredTax.Total,overall.AdjustedCoveredTax.Total = adjTaxRaw;
Mapping_JurCal.cs,402,overall.AdjustedCoveredTax.TransBlendCfc,overall.AdjustedCoveredTax.TransBlendCfc ??=
Mapping_JurCal.cs,434,overall.AdjustedCoveredTax.TransBlendCfc.Total,overall.AdjustedCoveredTax.TransBlendCfc.Total =
Mapping_JurCal.cs,448,overall.ExcessNegTaxExpense,overall.ExcessNegTaxExpense ??=
Mapping_JurCal.cs,451,overall.ExcessNegTaxExpense.PriorYearBalance,overall.ExcessNegTaxExpense.PriorYearBalance = exPriorRaw;
Mapping_JurCal.cs,453,overall.ExcessNegTaxExpense.GeneratedInRfy,overall.ExcessNegTaxExpense.GeneratedInRfy = exGenRaw;
Mapping_JurCal.cs,455,overall.ExcessNegTaxExpense.UtilizedInRfy,overall.ExcessNegTaxExpense.UtilizedInRfy = exUtilRaw;
Mapping_JurCal.cs,457,overall.ExcessNegTaxExpense.Remaining,overall.ExcessNegTaxExpense.Remaining = exRemRaw;
Mapping_JurCal.cs,473,overall.EtrRate,overall.EtrRate = rate > 1m ? rate / 100m : rate;
Mapping_JurCal.cs,540,d.TaxPaid,d.TaxPaid = taxPaidRaw;
Mapping_JurCal.cs,542,d.NetDtadtl,d.NetDtadtl = netDtadtlRaw;
Mapping_JurCal.cs,544,d.CarryingValue,d.CarryingValue = carryValRaw;
Mapping_JurCal.cs,546,d.Dtadtl,d.Dtadtl = dtadtlRaw;
Mapping_JurCal.cs,563,etr.EtrStatus,etr.EtrStatus = new Globe.EtrTypeEtrStatus();
Mapping_JurCal.cs,565,etr.EtrStatus.EtrComputation,etr.EtrStatus.EtrComputation = new Globe.EtrComputationType();
Mapping_JurCal.cs,569,etr.EtrStatus.EtrComputation.OverallComputation,etr.EtrStatus.EtrComputation.OverallComputation = overall;
Mapping_JurCal.cs,570,overall.AdjustedCoveredTax,overall.AdjustedCoveredTax ??=
Mapping_JurCal.cs,572,overall.AdjustedCoveredTax.DeferTaxAdjustAmt,overall.AdjustedCoveredTax.DeferTaxAdjustAmt ??=
Mapping_JurCal.cs,592,transition.Year,transition.Year = year.Value;
Mapping_JurCal.cs,595,transition.DeferredTaxLiabilityStart,transition.DeferredTaxLiabilityStart = dtlStartRaw;
Mapping_JurCal.cs,597,transition.DeferredTaxLiabilityRecast,transition.DeferredTaxLiabilityRecast = dtlRecastRaw;
Mapping_JurCal.cs,606,transition.DeferredTaxAssets,transition.DeferredTaxAssets ??=
Mapping_JurCal.cs,609,transition.DeferredTaxAssets.DeferredTaxAssetStart,transition.DeferredTaxAssets.DeferredTaxAssetStart = dtaStartRaw;
Mapping_JurCal.cs,611,transition.DeferredTaxAssets.DeferredTaxAssetRecast,transition.DeferredTaxAssets.DeferredTaxAssetRecast = dtaRecastRaw;
Mapping_JurCal.cs,613,transition.DeferredTaxAssets.DeferredTaxAssetExcluded,transition.DeferredTaxAssets.DeferredTaxAssetExcluded = dtaExclRaw;
Mapping_JurCal.cs,615,transition.DeferredTaxAssets.Total,transition.DeferredTaxAssets.Total = dtaTotalRaw;
Mapping_JurCal.cs,683,etr.EtrStatus,etr.EtrStatus = new Globe.EtrTypeEtrStatus();
Mapping_JurCal.cs,685,etr.EtrStatus.EtrComputation,etr.EtrStatus.EtrComputation = new Globe.EtrComputationType();
Mapping_JurCal.cs,689,etr.EtrStatus.EtrComputation.OverallComputation,etr.EtrStatus.EtrComputation.OverallComputation = overall;
Mapping_JurCal.cs,691,overall.AdjustedCoveredTax,overall.AdjustedCoveredTax ??=
Mapping_JurCal.cs,693,overall.AdjustedCoveredTax.PostFilingAdjust,overall.AdjustedCoveredTax.PostFilingAdjust ??=
Mapping_JurCal.cs,700,pfa.DeferTaxAsset,pfa.DeferTaxAsset ??=
Mapping_JurCal.cs,711,pfa.DeferTaxAsset.Total,pfa.DeferTaxAsset.Total = deferTotal;
Mapping_JurCal.cs,717,pfa.CoveredTaxRefund,pfa.CoveredTaxRefund ??=
Mapping_JurCal.cs,728,pfa.CoveredTaxRefund.Total,pfa.CoveredTaxRefund.Total = refundTotal;
Mapping_JurCal.cs,809,entry.RecaptureDeferred,entry.RecaptureDeferred ??=
Mapping_JurCal.cs,814,rd.DtlrfyMinus5,rd.DtlrfyMinus5 = dtlMinus5Raw;
Mapping_JurCal.cs,816,rd.RecapDtlrfyMinus5,rd.RecapDtlrfyMinus5 = recapMinus5Raw;
Mapping_JurCal.cs,818,rd.Dtlrfy,rd.Dtlrfy = dtlRfyRaw;
Mapping_JurCal.cs,829,rd.AggregateDtl,rd.AggregateDtl ??=
Mapping_JurCal.cs,839,rd.AggregateDtl.ReportingFiscalYear,rd.AggregateDtl.ReportingFiscalYear ??=
Mapping_JurCal.cs,842,rd.AggregateDtl.ReportingFiscalYear.AmountPreTransition,rd.AggregateDtl.ReportingFiscalYear.AmountPreTransition = rfyPreTrans;
Mapping_JurCal.cs,844,rd.AggregateDtl.ReportingFiscalYear.AmountOutBalance,rd.AggregateDtl.ReportingFiscalYear.AmountOutBalance = rfyOutBal;
Mapping_JurCal.cs,846,rd.AggregateDtl.ReportingFiscalYear.AmountUnjustified,rd.AggregateDtl.ReportingFiscalYear.AmountUnjustified = rfyUnjust;
Mapping_JurCal.cs,856,rd.AggregateDtl.PriorFiscalYear,rd.AggregateDtl.PriorFiscalYear ??=
Mapping_JurCal.cs,859,rd.AggregateDtl.PriorFiscalYear.AmountPreTransition,rd.AggregateDtl.PriorFiscalYear.AmountPreTransition = priorPreTrans;
Mapping_JurCal.cs,861,rd.AggregateDtl.PriorFiscalYear.AmountOutBalance,rd.AggregateDtl.PriorFiscalYear.AmountOutBalance = priorOutBal;
Mapping_JurCal.cs,863,rd.AggregateDtl.PriorFiscalYear.AmountUnjustified,rd.AggregateDtl.PriorFiscalYear.AmountUnjustified = priorUnjust;
Mapping_JurCal.cs,920,etr.EtrStatus,etr.EtrStatus = new Globe.EtrTypeEtrStatus();
Mapping_JurCal.cs,922,etr.EtrStatus.EtrComputation,etr.EtrStatus.EtrComputation = new Globe.EtrComputationType();
Mapping_JurCal.cs,927,etr.EtrStatus.EtrComputation.OverallComputation,etr.EtrStatus.EtrComputation.OverallComputation = overall;
Mapping_JurCal.cs,929,overall.AdjustedCoveredTax,overall.AdjustedCoveredTax ??=
Mapping_JurCal.cs,931,overall.AdjustedCoveredTax.DeferTaxAdjustAmt,overall.AdjustedCoveredTax.DeferTaxAdjustAmt ??=
Mapping_JurCal.cs,937,dt.DefTaxAmt,dt.DefTaxAmt = defTaxRaw;
Mapping_JurCal.cs,939,dt.DiffCarryValue,dt.DiffCarryValue = diffCarryRaw;
Mapping_JurCal.cs,941,dt.GLoBeValue,dt.GLoBeValue = globeValRaw;
Mapping_JurCal.cs,943,dt.BefRecastAdjust,dt.BefRecastAdjust = befRecastRaw;
Mapping_JurCal.cs,945,dt.TotalAdjust,dt.TotalAdjust = totalAdjRaw;
Mapping_JurCal.cs,947,dt.PreRecast,dt.PreRecast = preRecastRaw;
Mapping_JurCal.cs,949,dt.Total,dt.Total = totalRaw;
Mapping_JurCal.cs,953,dt.Recast,dt.Recast ??=
Mapping_JurCal.cs,956,dt.Recast.Lower,dt.Recast.Lower = recastLoRaw;
Mapping_JurCal.cs,958,dt.Recast.Higher,dt.Recast.Higher = recastHiRaw;
Mapping_JurCal.cs,1031,etr.EtrStatus,etr.EtrStatus = new Globe.EtrTypeEtrStatus();
Mapping_JurCal.cs,1032,etr.Election,etr.Election ??= new Globe.EtrTypeElection();
Mapping_JurCal.cs,1041,el.Art326,el.Art326 = ParseBool(v);
Mapping_JurCal.cs,1042,el.Art326Specified,el.Art326Specified = true;
Mapping_JurCal.cs,1050,el.Art461,el.Art461 = ParseBool(v);
Mapping_JurCal.cs,1051,el.Art461Specified,el.Art461Specified = true;
Mapping_JurCal.cs,1059,el.Art531,el.Art531 = ParseBool(v);
Mapping_JurCal.cs,1060,el.Art531Specified,el.Art531Specified = true;
Mapping_JurCal.cs,1068,el.Art415,el.Art415 = ParseBool(v);
Mapping_JurCal.cs,1069,el.Art415Specified,el.Art415Specified = true;
Mapping_JurCal.cs,1089,el.Art321C,el.Art321C = new Globe.EtrTypeElectionArt321C
Mapping_JurCal.cs,1114,el.Art321C.KEquityInvestmentInclusionElection,el.Art321C.KEquityInvestmentInclusionElection = v1;
Mapping_JurCal.cs,1116,el.Art321C.QualOwnerIntentBalance,el.Art321C.QualOwnerIntentBalance = v2;
Mapping_JurCal.cs,1118,el.Art321C.Additions,el.Art321C.Additions = v3;
Mapping_JurCal.cs,1120,el.Art321C.Reductions,el.Art321C.Reductions = v4;
Mapping_JurCal.cs,1122,el.Art321C.OutstandingBalance,el.Art321C.OutstandingBalance = v5;
Mapping_JurCal.cs,1130,el.Art322,el.Art322 = new Globe.EtrTypeElectionArt322
Mapping_JurCal.cs,1144,el.Art325,el.Art325 = new Globe.EtrTypeElectionArt325
Mapping_JurCal.cs,1159,el.Art328,el.Art328 = new Globe.EtrTypeElectionArt328
Mapping_JurCal.cs,1174,el.NoDefTaxAllocation,el.NoDefTaxAllocation = new Globe.EtrTypeElectionNoDefTaxAllocation
Mapping_JurCal.cs,1188,el.Art45,el.Art45 = new Globe.EtrTypeElectionArt45
Mapping_JurCal.cs,1215,etr.Election,etr.Election = null;
Mapping_JurCal.cs,1329,overall.AdjustedCoveredTax,overall.AdjustedCoveredTax ??=
Mapping_JurCal.cs,1331,overall.AdjustedCoveredTax.DeemedDistTax,overall.AdjustedCoveredTax.DeemedDistTax ??=
Mapping_JurCal.cs,1346,ddt.Election,ddt.Election ??=
Mapping_JurCal.cs,1354,el.Reduction,el.Reduction = reductionRaw;
Mapping_JurCal.cs,1356,el.IncrementalTopUpTax,el.IncrementalTopUpTax = incrRaw;
Mapping_JurCal.cs,1368,el.Ratio,el.Ratio = ratio > 1m ? ratio / 100m : ratio;
Mapping_JurCal.cs,1388,etr.EtrStatus,etr.EtrStatus = new Globe.EtrTypeEtrStatus();
Mapping_JurCal.cs,1390,etr.EtrStatus.EtrComputation,etr.EtrStatus.EtrComputation = new Globe.EtrComputationType();
Mapping_JurCal.cs,1394,etr.EtrStatus.EtrComputation.OverallComputation,etr.EtrStatus.EtrComputation.OverallComputation = overall;
Mapping_JurCal.cs,1424,overall.TopUpTaxPercentage,overall.TopUpTaxPercentage = pct;
Mapping_JurCal.cs,1429,overall.ExcessProfits,overall.ExcessProfits = excessRaw;
Mapping_JurCal.cs,1431,overall.TopUpTax,overall.TopUpTax = taxRaw;
Mapping_JurCal.cs,1467,overall.SubstanceExclusion,overall.SubstanceExclusion ??=
Mapping_JurCal.cs,1471,se.Total,se.Total = total;
Mapping_JurCal.cs,1473,se.PayrollCost,se.PayrollCost = payrollCost;
Mapping_JurCal.cs,1475,se.TangibleAssetValue,se.TangibleAssetValue = tangibleVal;
Mapping_JurCal.cs,1479,se.PayrollMarkUp,se.PayrollMarkUp = m;
Mapping_JurCal.cs,1488,se.TangibleAssetMarkup,se.TangibleAssetMarkup = m;
Mapping_JurCal.cs,1511,overall.SubstanceExclusion,overall.SubstanceExclusion ??=
Mapping_JurCal.cs,1524,jur.ResCountryCode,jur.ResCountryCode = cc;
Mapping_JurCal.cs,1525,jur.ResCountryCodeSpecified,jur.ResCountryCodeSpecified = true;
Mapping_JurCal.cs,1570,overall.SubstanceExclusion,overall.SubstanceExclusion ??=
Mapping_JurCal.cs,1579,jur.ResCountryCode,jur.ResCountryCode = cc;
Mapping_JurCal.cs,1580,jur.ResCountryCodeSpecified,jur.ResCountryCodeSpecified = true;
Mapping_JurCal.cs,1672,entry.Previous,entry.Previous =
Mapping_JurCal.cs,1686,entry.Previous.EtrRate,entry.Previous.EtrRate = pEtr;
Mapping_JurCal.cs,1691,entry.Previous.TopUpTaxPercentage,entry.Previous.TopUpTaxPercentage = pPct;
Mapping_JurCal.cs,1694,entry.Recalculated,entry.Recalculated =
Mapping_JurCal.cs,1708,entry.Recalculated.EtrRate,entry.Recalculated.EtrRate = rEtr;
Mapping_JurCal.cs,1713,entry.Recalculated.TopUpTaxPercentage,entry.Recalculated.TopUpTaxPercentage = rPct;
Mapping_JurCal.cs,1715,overall.AdditionalTopUpTax,overall.AdditionalTopUpTax ??=
Mapping_JurCal.cs,1742,overall.AdditionalTopUpTax,overall.AdditionalTopUpTax ??=
Mapping_JurCal.cs,1744,overall.AdditionalTopUpTax.Art415,overall.AdditionalTopUpTax.Art415 =
Mapping_JurCal.cs,1800,overall.Qdmtt,overall.Qdmtt ??= new Globe.EtrComputationTypeOverallComputationQdmtt();
Mapping_JurCal.cs,1804,q.Fas,q.Fas = fasRaw;
Mapping_JurCal.cs,1806,q.Amount,q.Amount = amtRaw;
Mapping_JurCal.cs,1808,q.BasisforBlending,q.BasisforBlending = basisRaw;
Mapping_JurCal.cs,1814,q.MinRate,q.MinRate = rate;
Mapping_JurCal.cs,1815,q.MinRateSpecified,q.MinRateSpecified = true;
Mapping_JurCal.cs,1824,q.Currency,q.Currency = cur;
Mapping_JurCal.cs,1830,q.SbieAvailable,q.SbieAvailable = ParseBool(sbieRaw);
Mapping_JurCal.cs,1832,q.DeMinAvailable,q.DeMinAvailable = ParseBool(deMinRaw);
Mapping_JurCal.cs,1839,q.CurrencyElection,q.CurrencyElection ??=
Mapping_JurCal.cs,1841,q.CurrencyElection.Currency,q.CurrencyElection.Currency = elCur;
Mapping_JurCal.cs,1842,q.CurrencyElection.Status,q.CurrencyElection.Status = true;
Mapping_JurCal.cs,1843,q.CurrencyElection.ElectionYear,q.CurrencyElection.ElectionYear = selY;
Mapping_JurCal.cs,1850,q.CurrencyElection.RevocationYear,q.CurrencyElection.RevocationYear = revY;
Mapping_JurCal.cs,1851,q.CurrencyElection.RevocationYearSpecified,q.CurrencyElection.RevocationYearSpecified = true;
Mapping_JurCal.cs,1896,etr.EtrStatus,etr.EtrStatus = new Globe.EtrTypeEtrStatus();
Mapping_JurCal.cs,1898,etr.EtrStatus.EtrComputation,etr.EtrStatus.EtrComputation = new Globe.EtrComputationType();
Mapping_JurCal.cs,1902,etr.EtrStatus.EtrComputation.OverallComputation,etr.EtrStatus.EtrComputation.OverallComputation = overall;
Mapping_JurCal.cs,1903,overall.NetGlobeIncome,overall.NetGlobeIncome ??=
Mapping_JurCal.cs,1917,overall.NetGlobeIncome.IntShippingIncome,overall.NetGlobeIncome.IntShippingIncome =
Mapping_JurCal.cs,205,<init>.Jurisdiction,"Jurisdiction = countryCode,"
Mapping_JurCal.cs,206,<init>.GLoBeTax,"GLoBeTax = new Globe.GlobeTax(),"
Mapping_JurCal.cs,216,<init>.EtrStatus,etr = new Globe.EtrType { EtrStatus = new Globe.EtrTypeEtrStatus() };
Mapping_JurCal.cs,242,<init>.Cell,"new MappingEntry { Cell = ""3.1+2/O"", Label = ""[3.1] 하위그룹유형"" }"
Mapping_JurCal.cs,242,<init>.Label,"new MappingEntry { Cell = ""3.1+2/O"", Label = ""[3.1] 하위그룹유형"" }"
Mapping_JurCal.cs,337,<init>.Amount,"Amount = amount,"
Mapping_JurCal.cs,338,<init>.AdjustmentItem,"AdjustmentItem = AdjustmentItems[i],"
Mapping_JurCal.cs,370,<init>.Amount,"Amount = amount,"
Mapping_JurCal.cs,371,<init>.AdjustmentItem,"AdjustmentItem = CoveredTaxAdjItems[i],"
Mapping_JurCal.cs,408,<init>.Jurisdiction,"Jurisdiction = cfcJur,"
Mapping_JurCal.cs,409,<init>.Allocation,Allocation =
Mapping_JurCal.cs,412,<init>.SubGroupTin,SubGroupTin = string.IsNullOrEmpty(tinRaw)
Mapping_JurCal.cs,415,<init>.AggAllocTax,"AggAllocTax = amtRaw,"
Mapping_JurCal.cs,537,<init>.ResCountryCode,"ResCountryCode = cc,"
Mapping_JurCal.cs,706,<init>.Year,"Year = yr,"
Mapping_JurCal.cs,707,<init>.Amount,"Amount = amt,"
Mapping_JurCal.cs,723,<init>.Year,"Year = yr,"
Mapping_JurCal.cs,724,<init>.Amount,"Amount = amt,"
Mapping_JurCal.cs,804,<init>.AdjustmentItem,"AdjustmentItem = Globe.DeferredAdjustedTaxEnumType.Gir2509,"
Mapping_JurCal.cs,971,<init>.Amount,"Amount = detailAmts[i],"
Mapping_JurCal.cs,972,<init>.AdjustmentItem,"AdjustmentItem = DeferTaxAdjItems[i],"
Mapping_JurCal.cs,1091,<init>.Status,"Status = true,"
Mapping_JurCal.cs,1092,<init>.ElectionYear,"ElectionYear = ey,"
Mapping_JurCal.cs,1093,<init>.RevocationYear,"RevocationYear = ry,"
Mapping_JurCal.cs,1094,<init>.RevocationYearSpecified,"RevocationYearSpecified = hasRev,"
Mapping_JurCal.cs,1095,<init>.KEquityInvestmentInclusionElection,"KEquityInvestmentInclusionElection = """","
Mapping_JurCal.cs,1096,<init>.QualOwnerIntentBalance,"QualOwnerIntentBalance = """","
Mapping_JurCal.cs,1097,<init>.Additions,"Additions = """","
Mapping_JurCal.cs,1098,<init>.Reductions,"Reductions = """","
Mapping_JurCal.cs,1099,<init>.OutstandingBalance,"OutstandingBalance = """","
Mapping_JurCal.cs,1132,<init>.Status,"Status = true,"
Mapping_JurCal.cs,1133,<init>.ElectionYear,"ElectionYear = ey,"
Mapping_JurCal.cs,1134,<init>.RevocationYear,"RevocationYear = ry,"
Mapping_JurCal.cs,1135,<init>.RevocationYearSpecified,"RevocationYearSpecified = hasRev,"
Mapping_JurCal.cs,1146,<init>.Status,"Status = true,"
Mapping_JurCal.cs,1147,<init>.ElectionYear,"ElectionYear = ey,"
Mapping_JurCal.cs,1148,<init>.ElectionYearSpecified,"ElectionYearSpecified = true,"
Mapping_JurCal.cs,1149,<init>.RevocationYear,"RevocationYear = ry,"
Mapping_JurCal.cs,1150,<init>.RevocationYearSpecified,"RevocationYearSpecified = hasRev,"
Mapping_JurCal.cs,1161,<init>.Status,"Status = true,"
Mapping_JurCal.cs,1162,<init>.ElectionYear,"ElectionYear = ey,"
Mapping_JurCal.cs,1163,<init>.ElectionYearSpecified,"ElectionYearSpecified = true,"
Mapping_JurCal.cs,1164,<init>.RevocationYear,"RevocationYear = ry,"
Mapping_JurCal.cs,1165,<init>.RevocationYearSpecified,"RevocationYearSpecified = hasRev,"
Mapping_JurCal.cs,1176,<init>.Status,"Status = true,"
Mapping_JurCal.cs,1177,<init>.ElectionYear,"ElectionYear = ey,"
Mapping_JurCal.cs,1178,<init>.RevocationYear,"RevocationYear = ry,"
Mapping_JurCal.cs,1179,<init>.RevocationYearSpecified,"RevocationYearSpecified = hasRev,"
Mapping_JurCal.cs,1190,<init>.Status,"Status = true,"
Mapping_JurCal.cs,1191,<init>.ElectionYear,"ElectionYear = ey,"
Mapping_JurCal.cs,1192,<init>.ElectionYearSpecified,"ElectionYearSpecified = true,"
Mapping_JurCal.cs,1193,<init>.RevocationYear,"RevocationYear = ry,"
Mapping_JurCal.cs,1194,<init>.RevocationYearSpecified,"RevocationYearSpecified = hasRev,"
Mapping_JurCal.cs,1289,<init>.Year,"Year = recYear,"
Mapping_JurCal.cs,1290,<init>.StartAmount,"StartAmount = cRaw ?? """","
Mapping_JurCal.cs,1291,<init>.DdtYear3,"DdtYear3 = fRaw ?? """","
Mapping_JurCal.cs,1292,<init>.DdtYear2,"DdtYear2 = iRaw ?? """","
Mapping_JurCal.cs,1293,<init>.DdtYear1,"DdtYear1 = kRaw ?? """","
Mapping_JurCal.cs,1294,<init>.DdtYear0,"DdtYear0 = mRaw ?? """","
Mapping_JurCal.cs,1295,<init>.TotalDdt,"TotalDdt = """", // 폼에 직접 입력칸 없음"
Mapping_JurCal.cs,1296,<init>.EndAmount,"EndAmount = pRaw ?? """","
Mapping_JurCal.cs,1334,<init>.Total,"Total = """","
Mapping_JurCal.cs,1535,<init>.JurOfOwners,"JurOfOwners = jur,"
Mapping_JurCal.cs,1536,<init>.PayrollCost,PayrollCost =
Mapping_JurCal.cs,1539,<init>.Total,"Total = payRaw,"
Mapping_JurCal.cs,1540,<init>.Allocation,"Allocation = paAlRaw ?? """","
Mapping_JurCal.cs,1542,<init>.TangibleAssetValue,TangibleAssetValue =
Mapping_JurCal.cs,1545,<init>.Total,"Total = tanRaw ?? """","
Mapping_JurCal.cs,1546,<init>.Allocation,"Allocation = taAlRaw ?? """","
Mapping_JurCal.cs,1590,<init>.JurOfOwners,"JurOfOwners = jur,"
Mapping_JurCal.cs,1591,<init>.PayrollCost,PayrollCost =
Mapping_JurCal.cs,1594,<init>.Total,"Total = payRaw,"
Mapping_JurCal.cs,1595,<init>.Allocation,"Allocation = paAlRaw ?? """","
Mapping_JurCal.cs,1597,<init>.TangibleAssetValue,TangibleAssetValue =
Mapping_JurCal.cs,1600,<init>.Total,"Total = tanRaw ?? """","
Mapping_JurCal.cs,1601,<init>.Allocation,"Allocation = taAlRaw ?? """","
Mapping_JurCal.cs,1652,<init>.Year,"Year = year,"
Mapping_JurCal.cs,1653,<init>.AdditionalTopUpTax,"AdditionalTopUpTax = Cell(ws, r, 17) ?? """", // Q: 당기추가세액가산액"
Mapping_JurCal.cs,1675,<init>.NetGlobeIncome,"NetGlobeIncome = Cell(ws, r, 7) ?? """", // G"
Mapping_JurCal.cs,1676,<init>.AdjustedCoveredTax,"AdjustedCoveredTax = Cell(ws, r, 10) ?? """", // J"
Mapping_JurCal.cs,1677,<init>.ExcessProfits,"ExcessProfits = Cell(ws, r, 12) ?? """", // L"
Mapping_JurCal.cs,1678,<init>.TopUpTax,"TopUpTax = Cell(ws, r, 15) ?? """", // O"
Mapping_JurCal.cs,1697,<init>.NetGlobeIncome,"NetGlobeIncome = Cell(ws, r + 1, 7) ?? """", // G"
Mapping_JurCal.cs,1698,<init>.AdjustedCoveredTax,"AdjustedCoveredTax = Cell(ws, r + 1, 10) ?? """", // J"
Mapping_JurCal.cs,1699,<init>.ExcessProfits,"ExcessProfits = Cell(ws, r + 1, 12) ?? """", // L"
Mapping_JurCal.cs,1700,<init>.TopUpTax,"TopUpTax = Cell(ws, r + 1, 15) ?? """", // O"
Mapping_JurCal.cs,1747,<init>.AdjustedCoveredTax,"AdjustedCoveredTax = actRaw ?? """","
Mapping_JurCal.cs,1748,<init>.GlobeLoss,"GlobeLoss = lossRaw ?? """","
Mapping_JurCal.cs,1749,<init>.ExpectedAdjustedCoveredTax,"ExpectedAdjustedCoveredTax = expRaw ?? """","
Mapping_JurCal.cs,1750,<init>.AdditionalTopUpTax,"AdditionalTopUpTax = addRaw ?? """","
Mapping_JurCal.cs,1920,<init>.Total,"Total = totalRaw,"
Mapping_JurCal.cs,1921,<init>.TotalIntShipIncome,"TotalIntShipIncome = totalIntShipRaw ?? """","
Mapping_JurCal.cs,1922,<init>.FiftyPercentCap,"FiftyPercentCap = fiftyCapRaw ?? """","
Mapping_JurCal.cs,1923,<init>.TotalQualifiedAncIncome,"TotalQualifiedAncIncome = totalQualAncRaw ?? """","
Mapping_JurCal.cs,1924,<init>.ExcessOfCap,"ExcessOfCap = string.IsNullOrEmpty(excessCapRaw) ? null : excessCapRaw,"
Mapping_Utpr.cs,69,attr.UtprPercentage,attr.UtprPercentage = pct > 1m ? pct / 100m : pct;
Mapping_Utpr.cs,48,<init>.ResCountryCode,"ResCountryCode = country,"
Mapping_Utpr.cs,49,<init>.UtprTopUpTaxCarryForward,"UtprTopUpTaxCarryForward = ws.Cell(row, 3).GetString()?.Trim() ?? """", // C"
Mapping_Utpr.cs,50,<init>.Employees,"Employees = ws.Cell(row, 5).GetString()?.Trim(), // E"
Mapping_Utpr.cs,51,<init>.TangibleAssetValue,"TangibleAssetValue = ws.Cell(row, 7).GetString()?.Trim(), // G"
Mapping_Utpr.cs,52,<init>.UtprTopUpTaxAttributed,"UtprTopUpTaxAttributed = ws.Cell(row, 12).GetString()?.Trim() ?? """", // L"
Mapping_Utpr.cs,53,<init>.AddCashTaxExpense,"AddCashTaxExpense = ws.Cell(row, 14).GetString()?.Trim() ?? """", // N"
Mapping_Utpr.cs,54,<init>.UtprTopUpTaxCarriedForward,"UtprTopUpTaxCarriedForward = ws.Cell(row, 17).GetString()?.Trim() ?? """", // Q"
ValidationUtil.cs,1027,Art4.6.1,// 70061: Art4.6.1=TRUE → GIR2711 음수 항목 필수
ValidationUtil.cs,1233,SubstanceExclusion.Total,// 70087: SubstanceExclusion.Total = PayrollCost*PayrollMarkUp + TangibleAssetValue*TangibleAssetMarkup
ValidationUtil.cs,848,<init>.Unknown,"$""[70001] [{context}] TypeOfTIN=GIR3004이면 TIN='NOTIN', Unknown=TRUE이어야 합니다."""
ValidationUtil.cs,862,<init>.Unknown,"$""[70002] [{context}] TIN='NOTIN'이면 TypeOfTIN=GIR3004, Unknown=TRUE이어야 하고 IssuedBy는 생략해야 합니다."""
ValidationUtil.cs,870,<init>.TypeOfTIN,"$""[70003] [{context}] Unknown=TRUE이면 TIN='NOTIN', TypeOfTIN=GIR3004이어야 하고 IssuedBy는 생략해야 합니다."""
XmlExportService.cs,15,<init>.Serializer,Serializer = new XmlSerializer(typeof(Globe.GlobeOecd));
XmlExportService.cs,31,<init>.Indent,"Indent = true,"
XmlExportService.cs,32,<init>.IndentChars,"IndentChars = ""  "","
XmlExportService.cs,33,<init>.Encoding,"Encoding = new UTF8Encoding(false), // BOM 제외"
XmlExportService.cs,34,<init>.OmitXmlDeclaration,"OmitXmlDeclaration = false,"
MainForm.cs,185,lblTitle.Width,lblTitle.Width  = textW;
MainForm.cs,186,lblDesc.Width,lblDesc.Width   = textW;
MainForm.cs,187,lblArrow.Left,lblArrow.Left   = w - ARROW_W - 4;
MainForm.cs,197,card.BackColor,card.BackColor    = bg;
MainForm.cs,198,lblNum.BackColor,lblNum.BackColor  = bg;
MainForm.cs,199,lblTitle.BackColor,lblTitle.BackColor = bg;
MainForm.cs,200,lblDesc.BackColor,lblDesc.BackColor  = bg;
MainForm.cs,201,lblArrow.BackColor,lblArrow.BackColor = bg;
MainForm.cs,217,c.Cursor,c.Cursor = Cursors.Hand;
MainForm.cs,33,<init>.Text,"Text            = ""GIR 2 XML Mapper"";"
MainForm.cs,50,<init>.Text,"Text      = ""GIR 2 XML Mapper"","
MainForm.cs,51,<init>.Dock,"Dock      = DockStyle.Top, Height = 44,"
MainForm.cs,51,<init>.Height,"Dock      = DockStyle.Top, Height = 44,"
MainForm.cs,52,<init>.TextAlign,"TextAlign = ContentAlignment.MiddleLeft,"
MainForm.cs,53,<init>.Font,"Font      = new Font(""Segoe UI Semibold"", 13f),"
MainForm.cs,54,<init>.ForeColor,"ForeColor = FG,"
MainForm.cs,55,<init>.Padding,"Padding   = new Padding(22, 0, 0, 0),"
MainForm.cs,61,<init>.Text,"Text      = ""v1  ·  만료일 2026.6.30  ·  라이선스 DA"","
MainForm.cs,62,<init>.Dock,"Dock      = DockStyle.Bottom, Height = 30,"
MainForm.cs,62,<init>.Height,"Dock      = DockStyle.Bottom, Height = 30,"
MainForm.cs,63,<init>.TextAlign,"TextAlign = ContentAlignment.MiddleCenter,"
MainForm.cs,64,<init>.Font,"Font      = new Font(""Segoe UI"", 8.5f),"
MainForm.cs,65,<init>.ForeColor,"ForeColor = FG_DIM,"
MainForm.cs,71,<init>.Dock,"Dock       = DockStyle.Fill,"
MainForm.cs,72,<init>.BackColor,"BackColor  = Color.Transparent,"
MainForm.cs,73,<init>.Padding,"Padding    = new Padding(22, 6, 22, 10),"
MainForm.cs,119,<init>.BackColor,"BackColor = baseBg,"
MainForm.cs,120,<init>.Cursor,"Cursor    = Cursors.Hand,"
MainForm.cs,131,<init>.Text,"Text      = stepNumber.ToString(),"
MainForm.cs,132,<init>.Font,"Font      = new Font(""Segoe UI Light"", 30f),"
MainForm.cs,133,<init>.ForeColor,"ForeColor = numFg,"
MainForm.cs,134,<init>.BackColor,"BackColor = baseBg,"
MainForm.cs,135,<init>.Bounds,"Bounds    = new Rectangle(NUM_LEFT, 0, NUM_W, CARD_H),"
MainForm.cs,136,<init>.TextAlign,"TextAlign = ContentAlignment.MiddleCenter,"
MainForm.cs,137,<init>.UseCompatibleTextRendering,"UseCompatibleTextRendering = true,"
MainForm.cs,142,<init>.Text,"Text         = title,"
MainForm.cs,143,<init>.Font,"Font         = new Font(""Malgun Gothic"", 13f, FontStyle.Bold),"
MainForm.cs,144,<init>.ForeColor,"ForeColor    = titleFg,"
MainForm.cs,145,<init>.BackColor,"BackColor    = baseBg,"
MainForm.cs,146,<init>.Bounds,"Bounds       = new Rectangle(TEXT_LEFT, 18, 400, 28),"
MainForm.cs,147,<init>.TextAlign,"TextAlign    = ContentAlignment.MiddleLeft,"
MainForm.cs,148,<init>.AutoEllipsis,"AutoEllipsis = false,"
MainForm.cs,149,<init>.UseCompatibleTextRendering,"UseCompatibleTextRendering = true,"
MainForm.cs,154,<init>.Text,"Text         = desc,"
MainForm.cs,155,<init>.Font,"Font         = new Font(""Malgun Gothic"", 10f),"
MainForm.cs,156,<init>.ForeColor,"ForeColor    = descFg,"
MainForm.cs,157,<init>.BackColor,"BackColor    = baseBg,"
MainForm.cs,158,<init>.Bounds,"Bounds       = new Rectangle(TEXT_LEFT, 48, 400, 24),"
MainForm.cs,159,<init>.TextAlign,"TextAlign    = ContentAlignment.MiddleLeft,"
MainForm.cs,160,<init>.AutoEllipsis,"AutoEllipsis = false,"
MainForm.cs,161,<init>.UseCompatibleTextRendering,"UseCompatibleTextRendering = true,"
MainForm.cs,166,<init>.Text,"Text      = ""›"","
MainForm.cs,167,<init>.Font,"Font      = new Font(""Segoe UI"", 22f),"
MainForm.cs,168,<init>.ForeColor,"ForeColor = accent ? Color.White : FG_SUB,"
MainForm.cs,169,<init>.BackColor,"BackColor = baseBg,"
MainForm.cs,170,<init>.Bounds,"Bounds    = new Rectangle(0, 0, ARROW_W, CARD_H),"
MainForm.cs,171,<init>.TextAlign,"TextAlign = ContentAlignment.MiddleCenter,"
MainForm.cs,172,<init>.UseCompatibleTextRendering,"UseCompatibleTextRendering = true,"
MainForm.cs,236,<init>.Filter,"Filter   = ""Excel 파일 (*.xlsx)|*.xlsx"","
MainForm.cs,237,<init>.Title,"Title    = ""MNE 파일 저장"","
MainForm.cs,238,<init>.FileName,"FileName = $""MNE_{DateTime.Now:yyyyMMdd}.xlsx"","
MainForm.cs,260,<init>.Filter,"Filter = ""Excel 파일 (*.xlsx)|*.xlsx"","
MainForm.cs,261,<init>.Title,"Title  = ""변환할 main_template.xlsx 파일을 선택하세요."","
MainForm.cs,268,<init>.Filter,"Filter           = ""XML 파일 (*.xml)|*.xml"","
MainForm.cs,269,<init>.Title,"Title            = ""XML 파일 저장"","
MainForm.cs,270,<init>.FileName,"FileName         = ""GLOBE_OECD.xml"","
MainForm.cs,271,<init>.InitialDirectory,"InitialDirectory = Path.GetDirectoryName(mainFilePath),"
MainForm.cs,279,<init>.Version,"Version     = ""2.0"","
MainForm.cs,280,<init>.MessageSpec,"MessageSpec = new Globe.MessageSpecType(),"
MainForm.cs,281,<init>.GlobeBody,"GlobeBody   = new Globe.GlobeBodyType(),"
